ibf_variety,competitor_variety
b7bfd76a-e2e2-4f50-a71d-d12d3bfd7e14,490587
a035bd55-23af-4c21-83b0-baef07669984,500277
f94664ba-fd1a-4c84-af02-92761b5d6451,513373
4bc3006d-c2c3-4f27-9725-9d5033c6568a,514550
4bc3006d-c2c3-4f27-9725-9d5033c6568a,514550
4dfcae7b-b869-4e53-b242-065f9e29b4b5,490412
ab43b132-ced7-4644-b458-756d0015cc76,490413
dec568b5-e939-43a6-9354-368a663f6430,490411
73bcc1a7-2e09-423d-ab4c-b439eebb6ad2,1562068
530bcce3-3862-4ecf-928f-d8789518b83f,490142
fd1a4d17-3895-4ba9-848d-5bd0333555cd,485289
cc995092-dce0-4b1b-8a9c-7114e46ededb,988195
cc995092-dce0-4b1b-8a9c-7114e46ededb,988197
3c70cb7c-f8f6-478c-8d04-4f2affb11260,988199
3c70cb7c-f8f6-478c-8d04-4f2affb11260,988203
b26486e1-91af-474f-94a0-a34643d5c114,485339
b26486e1-91af-474f-94a0-a34643d5c114,485340
b26486e1-91af-474f-94a0-a34643d5c114,485341
c0fbd39f-e2b5-4075-8367-035a963da2e7,485276
c0fbd39f-e2b5-4075-8367-035a963da2e7,485277
77a17fe4-5483-4822-ae81-61aaa95856ed,7558744
228a76db-dd11-4c3f-a8dc-05fc2e1a6fdf,7407079
fd216936-d6d6-4b11-8024-5585c8c78bf7,513904
040a963f-be56-4a95-982d-485ac6cb1c3f,513905
040a963f-be56-4a95-982d-485ac6cb1c3f,513905
3daa8270-b173-4d38-b29f-2bca8830208f,491524
3daa8270-b173-4d38-b29f-2bca8830208f,491524
0671eb9d-3278-44f2-80a3-aac75c1a43c6,1086944
e4415abd-7e9c-48aa-9a39-aaf0eb88c677,666519
e4415abd-7e9c-48aa-9a39-aaf0eb88c677,666519
ee5891f9-31bc-4b9f-9e42-ccc02063bced,485389
4680589e-4077-45e0-980f-eaac00f5e7e5,485390
b59a43f5-e6e3-4d35-878e-06a6efe6c702,485396
5de9e8a5-4ed4-4767-9c60-e7c2b5b25ba3,485397
761eb3d0-4d87-4597-8c7e-6dee90ff7ef0,485399
aed7af48-92aa-4224-8dd2-1c2915b33d04,485400
10b23582-414f-43e2-bb8e-e34d3a3d9b26,485401
b9a8b807-6771-4f5d-bd00-e4984e08cf3b,485406
a89a5ffd-f1a4-4d0e-a59f-e3de4a2db5e0,485407
65f1e378-06d9-43c5-a970-be9fe5b528b7,490073
be4b1921-efe4-4e66-be9a-f6f043a32fbc,1219050
0f9e9469-a6d2-4ab4-b929-06ccae998cbe,627860
0f9e9469-a6d2-4ab4-b929-06ccae998cbe,627860
7b357f80-f45b-4046-b93c-32457a785910,514054
21fcdcba-9661-4e67-8eec-dd181396e08b,938951
8dec5f0d-1ec9-4914-a540-0335e5c6933c,514061
8dec5f0d-1ec9-4914-a540-0335e5c6933c,12246406
4fa9d5fb-da93-48f8-840b-9810033c012a,514065
4fa9d5fb-da93-48f8-840b-9810033c012a,12246404
b15ec624-8d56-4f91-b58e-87d910846914,514067
b15ec624-8d56-4f91-b58e-87d910846914,12246408
6645f7ea-f916-4d1e-8cd5-f9b6ed643e1c,514070
6645f7ea-f916-4d1e-8cd5-f9b6ed643e1c,12246320
b1c762b1-d594-4780-913e-093638a7ef23,514071
d7583b3b-5a47-42ca-b83d-9cb4f880a768,1004600
d7583b3b-5a47-42ca-b83d-9cb4f880a768,1004600
d7583b3b-5a47-42ca-b83d-9cb4f880a768,1004596
d7583b3b-5a47-42ca-b83d-9cb4f880a768,1004596
d5f7aa0e-8ef7-4032-b945-e492bf84a175,1078860
d5f7aa0e-8ef7-4032-b945-e492bf84a175,1078861
2e077bc0-d072-44ef-ae0b-3d4c639387b5,645623
a2355239-baf9-4657-9089-2e7439497fe2,517817
100a588d-2d2c-42d1-b30b-7a5e0e07a25f,489347
9d57cd8b-410a-4281-80cf-a66024c543ae,513026
b88b58c0-5fb8-435d-91a8-d74abbf01d12,513027
1767e95a-c83f-4fdb-b85d-27157a044a90,513028
1767e95a-c83f-4fdb-b85d-27157a044a90,513028
3b885ab7-cd80-4502-a3e9-248a9a08772f,966686
3b885ab7-cd80-4502-a3e9-248a9a08772f,966686
3b885ab7-cd80-4502-a3e9-248a9a08772f,966686
3185b3b3-66a8-4392-a083-5cf80e44f90f,889280
b908fa53-9cc1-4384-a0c5-71f5e8fc62d8,510047
30e6b64f-3e8d-4d22-b0d0-9d6d434087fd,887967
c12bdfe4-19a6-4199-9cfb-f82ebe74ab67,485117
96c6b8ba-c1ef-4f84-838e-e753fd3cc71d,488905
ff23babb-67ec-438c-a48e-480d8fd4f44b,490140
ff23babb-67ec-438c-a48e-480d8fd4f44b,490165
8fa753ab-5273-4115-962a-3e5688f4db42,3395099
4c480713-cbb6-49b6-92e2-786c7bc43b1e,485398
69b40e96-63e0-489d-8704-6ab6a4bf94af,488909
69b40e96-63e0-489d-8704-6ab6a4bf94af,488910
e865e502-c55b-4c46-94c4-495e2c33d348,489097
d026bdec-0029-4196-95e6-593258c4dd2d,489116
c7115ff9-51a8-4896-b691-56fcf3e2e55d,487010
c7115ff9-51a8-4896-b691-56fcf3e2e55d,487011
3317161d-b165-4b58-809e-76361ab8aa02,885000
12f0a153-0e30-492d-bf04-7dcdb3f964cc,514165
12f0a153-0e30-492d-bf04-7dcdb3f964cc,514165
02c7c0f7-2cba-4ac1-a836-f819cc23d1cf,487764
02c7c0f7-2cba-4ac1-a836-f819cc23d1cf,487765
02c7c0f7-2cba-4ac1-a836-f819cc23d1cf,487766
7b6b7fd7-ef5c-46db-9da2-063a090912de,3395197
f6769a05-7117-4fd3-ad66-ffb01a2c5c41,489136
112f6f17-e4df-4911-a0d4-cbf26faed3a4,942440
e452aa13-6e2d-43e9-b5f4-2147175f52a7,1032796
e452aa13-6e2d-43e9-b5f4-2147175f52a7,1032797
e452aa13-6e2d-43e9-b5f4-2147175f52a7,1032798
62f613ba-1da6-4a85-a41e-001799eba0d9,487663
62f613ba-1da6-4a85-a41e-001799eba0d9,487664
62f613ba-1da6-4a85-a41e-001799eba0d9,487665
91e45cb3-ed92-45dd-8031-39eebd5b0669,485843
91e45cb3-ed92-45dd-8031-39eebd5b0669,485844
db592b1e-d54e-4093-82f5-13db501724f5,488852
810e5e94-fb96-4879-90a4-decc97d92094,489076
810e5e94-fb96-4879-90a4-decc97d92094,489077
8ea60465-b78c-4643-be8a-beb6ec30c776,514808
41d3582f-d122-4491-b808-a2b12c90927d,488709
2fb64fb1-c2fd-468e-8917-5adf322fe6f7,486066
a3450382-98db-482c-98a8-9e3973436ad3,486160
4dfc9999-3ef0-446a-93c1-7e3808b056fc,488267
e673d850-a421-4b5a-b831-af62a32b1d07,488488
e673d850-a421-4b5a-b831-af62a32b1d07,488489
3276d79d-695d-4f45-87c4-d53166e34ef3,491511
3276d79d-695d-4f45-87c4-d53166e34ef3,491512
3276d79d-695d-4f45-87c4-d53166e34ef3,490650
3276d79d-695d-4f45-87c4-d53166e34ef3,491513
0ea1d377-2e5d-4f75-84dd-127ce5a26891,487529
0ea1d377-2e5d-4f75-84dd-127ce5a26891,487530
30f161ca-f066-4432-8b5e-b0f24e4a36e5,567669
30f161ca-f066-4432-8b5e-b0f24e4a36e5,567670
30f161ca-f066-4432-8b5e-b0f24e4a36e5,567671
30f161ca-f066-4432-8b5e-b0f24e4a36e5,567672
37de2343-09c4-4489-aabe-7320267e58d6,487324
37de2343-09c4-4489-aabe-7320267e58d6,487325
1da16dd0-a481-4570-95b5-596a14d97a9c,487904
74f282cb-ba43-4400-a9b3-cb12868604e2,515964
5a2208c0-94b1-453b-8c8a-ea07c07f28f0,1247222
18eb2af1-e3ee-478a-91eb-01923528a330,518981
18eb2af1-e3ee-478a-91eb-01923528a330,508806
7e8e0aa9-48a7-4942-b829-55c6b0f4853b,517956
ec9f8631-2bf7-4f2b-badd-d7a9b35fb6ea,509449
ec9f8631-2bf7-4f2b-badd-d7a9b35fb6ea,509450
f632e825-24f7-4c42-a237-e3cd831718d7,2340849
504073c7-09c9-4b60-99dc-76c4742f690e,487329
504073c7-09c9-4b60-99dc-76c4742f690e,487330
13dc59bb-fe49-454f-bf15-40c0655ef9ce,486135
13dc59bb-fe49-454f-bf15-40c0655ef9ce,486136
13dc59bb-fe49-454f-bf15-40c0655ef9ce,486137
b1c918ad-5354-4557-9558-185812d25e12,8708021
b1c918ad-5354-4557-9558-185812d25e12,8708023
b1c918ad-5354-4557-9558-185812d25e12,8708024
b5aeabaa-49a1-4281-83f9-0d96083b038e,515911
4f6c9885-69da-4575-879a-8e9b778b3111,488447
b797b6da-5a8d-4bd1-9f41-b10d47c765ab,487014
b797b6da-5a8d-4bd1-9f41-b10d47c765ab,487015
3a03e127-d8a4-4302-9254-3036e10a03af,517953
15234448-eea5-4915-a154-3b7cf733ecaa,515961
c988654b-7a11-4e10-bdc2-d54ca771c029,489176
8e056093-0612-4aaa-8554-2f2e64e4d42d,485822
8e056093-0612-4aaa-8554-2f2e64e4d42d,485823
8e056093-0612-4aaa-8554-2f2e64e4d42d,485824
c7d4819b-158f-4270-8da7-d1fa4b3f0c0f,485927
c7d4819b-158f-4270-8da7-d1fa4b3f0c0f,485928
67b98110-3768-4f58-8afb-dbd315b4e468,486110
4b5c6979-e7a7-42b7-860b-c5b49e5314de,512978
4b5c6979-e7a7-42b7-860b-c5b49e5314de,512979
0734dc22-beea-4a0a-8cc1-3ad4b4612432,487589
0734dc22-beea-4a0a-8cc1-3ad4b4612432,487590
b1b6b639-31e1-46fa-bd71-be74b64a9471,487743
b1b6b639-31e1-46fa-bd71-be74b64a9471,487744
b1b6b639-31e1-46fa-bd71-be74b64a9471,487745
99b66806-4e0f-4655-a78f-ecf47b8c8ea9,487148
99b66806-4e0f-4655-a78f-ecf47b8c8ea9,487149
99b66806-4e0f-4655-a78f-ecf47b8c8ea9,487150
cc8e46fa-2e67-47cb-8878-b26a1c44f15d,1313593
cc8e46fa-2e67-47cb-8878-b26a1c44f15d,1313594
0ba5f26f-22c2-4c0b-a30a-499173629ad5,1055033
38e27336-fc0a-4a08-b78f-bf8f7533511d,514836
0d0b2974-88cc-44f4-b26d-420e6188251a,487688
0d0b2974-88cc-44f4-b26d-420e6188251a,487689
0d0b2974-88cc-44f4-b26d-420e6188251a,487690
9aa80507-45f2-4226-b8a1-bcd1c07a82b6,487748
9aa80507-45f2-4226-b8a1-bcd1c07a82b6,487749
9aa80507-45f2-4226-b8a1-bcd1c07a82b6,487750
2aa7d01b-76f2-4753-b19b-6a35b201771a,487967
c880b3d4-f5e9-4f9f-9039-66d3e923d418,514234
e82aee1a-5411-48c4-bcd3-687852b73a4e,515967
bb8c5298-179b-4c2b-a57a-de0b14efa71b,486467
bb8c5298-179b-4c2b-a57a-de0b14efa71b,486468
bb8c5298-179b-4c2b-a57a-de0b14efa71b,486469
bb8c5298-179b-4c2b-a57a-de0b14efa71b,486470
bb8c5298-179b-4c2b-a57a-de0b14efa71b,486471
88e3dead-38f7-4d6f-8a5d-6b33b5baac70,484228
e2ded6cb-7c73-45b9-9d40-62da9a4c1d81,485205
294fcb35-0f00-4b42-aa73-7b7b9978e029,515963
094aabaf-7503-4e24-b7a8-e8b8c984b95d,488352
094aabaf-7503-4e24-b7a8-e8b8c984b95d,488352
094aabaf-7503-4e24-b7a8-e8b8c984b95d,488353
f7bfae99-ee27-421d-ae8b-f4d85ac82725,617839
e0089c8c-6245-41a3-b61c-9c07e0642f2d,643952
e0089c8c-6245-41a3-b61c-9c07e0642f2d,643952
e0089c8c-6245-41a3-b61c-9c07e0642f2d,643954
e0089c8c-6245-41a3-b61c-9c07e0642f2d,643954
e0089c8c-6245-41a3-b61c-9c07e0642f2d,643955
fb8dd0c9-6013-4f9c-b301-2e263a1677b0,515968
f8d3754c-6b4e-4d92-9b05-8073d9b6ad0d,700767
f8d3754c-6b4e-4d92-9b05-8073d9b6ad0d,700768
4094dd61-066a-4fe6-8c1c-72d1e0480d07,627864
4094dd61-066a-4fe6-8c1c-72d1e0480d07,627864
38f1ddf7-1b66-443e-9fb2-3e1007a9f150,4265364
38f1ddf7-1b66-443e-9fb2-3e1007a9f150,4265411
9ad36cde-c1a3-4ea6-a8c8-9edaf3ca59d0,758195
9f356a84-cfc6-4e69-921c-007dcfffba64,484739
9855007c-489a-4b17-93c3-39127729f760,520130
bb76cd81-c9e8-4eb9-ad8d-ec34c091cdf1,1256543
aaf2f395-c7d6-45d3-a65d-9f905e3aad7e,490708
aaf2f395-c7d6-45d3-a65d-9f905e3aad7e,490708
0a54c97a-db7c-472a-9654-828d3c8e7a1b,485574
0a54c97a-db7c-472a-9654-828d3c8e7a1b,485575
0a54c97a-db7c-472a-9654-828d3c8e7a1b,485576
252a5b2b-ef57-4bbb-a146-09dcc5114246,1311112
252a5b2b-ef57-4bbb-a146-09dcc5114246,1311113
06a5831f-2d31-4a36-969f-15554b8c0434,488077
06a5831f-2d31-4a36-969f-15554b8c0434,488077
dc7d08f2-2f09-4a9a-925d-aa0a405e994c,486639
dc7d08f2-2f09-4a9a-925d-aa0a405e994c,486640
f194a18a-2329-407d-9f22-ff14d6646a9a,1406393
f194a18a-2329-407d-9f22-ff14d6646a9a,1406394
f194a18a-2329-407d-9f22-ff14d6646a9a,1406395
0db2a31e-87ca-4ac6-b067-4276beebd94a,484937
4eeddf00-be01-4974-973f-252facd67594,514238
f0607694-8fe0-4144-92c7-83ad1f0a8d64,3820618
6cf94d7e-0d53-4cf4-b734-d3909bda388d,490251
6cf94d7e-0d53-4cf4-b734-d3909bda388d,512849
6cf94d7e-0d53-4cf4-b734-d3909bda388d,512850
6cf94d7e-0d53-4cf4-b734-d3909bda388d,512852
51b9ef8f-7ef2-4238-ad2a-5672e3041940,1090486
dca9ddbe-eda1-4b58-b187-79b7d1201259,484419
72374ff4-b215-41db-b036-d8477fae53ee,513552
72374ff4-b215-41db-b036-d8477fae53ee,12851921
452eeb34-2851-4dd6-82ae-a37402468c65,513118
452eeb34-2851-4dd6-82ae-a37402468c65,513119
452eeb34-2851-4dd6-82ae-a37402468c65,563647
3222f59a-466c-47b4-a143-cc904fdd5861,491378
532abc20-d821-40cb-8e46-14855bd0c514,3653597
f06664c3-09de-4ad9-9cbe-9a51ae7d43a7,490006
2ab9f84c-c6a3-43d2-ae77-adc20901aaf4,1819182
2ab9f84c-c6a3-43d2-ae77-adc20901aaf4,2113281
099afe34-5d77-4e3d-ad1b-9de715fb92cd,484751
c0fec9c6-6759-4451-bf4e-8b13b3312bf0,485202
64bec08c-0a46-4da1-8492-5a0cb90ecc98,485586
64bec08c-0a46-4da1-8492-5a0cb90ecc98,485588
64bec08c-0a46-4da1-8492-5a0cb90ecc98,485590
5ee68b19-6916-4dd3-8def-841747402a06,485627
5ee68b19-6916-4dd3-8def-841747402a06,485628
5ee68b19-6916-4dd3-8def-841747402a06,485629
d3bee0a2-d5f6-4638-88c6-e7153f47c3bb,484262
d3bee0a2-d5f6-4638-88c6-e7153f47c3bb,484263
d3bee0a2-d5f6-4638-88c6-e7153f47c3bb,484264
6b033c32-432c-4386-93a5-d24881bafa91,500196
723744d1-75d6-4326-bb8a-a9e0da2753e8,485392
bb8a5ea7-0d38-4fa2-ad1c-cb9b2c83f43b,627861
bb8a5ea7-0d38-4fa2-ad1c-cb9b2c83f43b,627861
c97b9f96-1e84-4d4e-b706-b025a80ea4c8,484192
c97b9f96-1e84-4d4e-b706-b025a80ea4c8,484193
1fa1ecea-329d-4f19-8735-9d76b64075f7,490077
20e8cde9-75c9-43ef-8fa9-a568f3d73ec2,485271
20e8cde9-75c9-43ef-8fa9-a568f3d73ec2,485271
20e8cde9-75c9-43ef-8fa9-a568f3d73ec2,485272
20e8cde9-75c9-43ef-8fa9-a568f3d73ec2,485272
20e8cde9-75c9-43ef-8fa9-a568f3d73ec2,485273
b0bd8bc7-97ce-4a47-b5df-d7ff424c815a,565903
20931a27-307b-4ad2-bc71-f0f441d197ff,1008696
20931a27-307b-4ad2-bc71-f0f441d197ff,1008697
3d09da30-61c4-45f5-a4a8-34b938dfedcd,487349
3d09da30-61c4-45f5-a4a8-34b938dfedcd,487350
42cd2b3f-3968-4c31-a5a3-ad6a9fca0601,484715
c521c8eb-efc0-462c-9ab2-87975ad2f6dd,490005
476490c0-19a7-4901-8b30-500f73453b41,1054883
6b6e9281-7110-46a0-ba46-c3141ed4207e,489146
579a70c9-95ed-495e-a213-1dfeb34cc7b5,484241
a90fde40-7628-4f90-9162-e709acf0bdca,486808
a90fde40-7628-4f90-9162-e709acf0bdca,486809
a90fde40-7628-4f90-9162-e709acf0bdca,486810
1cd5c890-30fb-4099-ace4-35bcf4695cea,3111261
3bb0aeea-eaab-45de-bf8b-5ef733a1dc8b,490061
3bb0aeea-eaab-45de-bf8b-5ef733a1dc8b,490061
3bb0aeea-eaab-45de-bf8b-5ef733a1dc8b,490206
3bb0aeea-eaab-45de-bf8b-5ef733a1dc8b,490206
ff9e22ee-97e7-445a-a62e-74a4a29a801a,485065
c81473ca-121a-4b7f-b303-09870942635a,490707
c5866dfc-e0bb-4dda-ab04-ab1eba9a8e76,488246
c5866dfc-e0bb-4dda-ab04-ab1eba9a8e76,488247
b38833fc-ce8d-491b-8706-d06b7b06ed45,486604
b38833fc-ce8d-491b-8706-d06b7b06ed45,486605
b38833fc-ce8d-491b-8706-d06b7b06ed45,486606
2914bb57-34d9-4d5b-8846-b4ba1582ed40,2072066
2914bb57-34d9-4d5b-8846-b4ba1582ed40,2026098
2914bb57-34d9-4d5b-8846-b4ba1582ed40,2111738
af36097d-db97-4b3d-91b3-c313eb60ad20,487168
af36097d-db97-4b3d-91b3-c313eb60ad20,487169
af36097d-db97-4b3d-91b3-c313eb60ad20,487170
662d56ba-b571-4f82-ae21-c88b9eeb04fb,714490
a6da0367-b8d1-4c13-b3d5-ef68b6480913,485988
a6da0367-b8d1-4c13-b3d5-ef68b6480913,485989
41a167bd-bf87-4f11-8afa-1c9cbb3a3cca,486366
41a167bd-bf87-4f11-8afa-1c9cbb3a3cca,486367
41a167bd-bf87-4f11-8afa-1c9cbb3a3cca,486368
41a167bd-bf87-4f11-8afa-1c9cbb3a3cca,486369
252ae648-95df-4d73-ae61-df3307d14f9c,486704
252ae648-95df-4d73-ae61-df3307d14f9c,486705
252ae648-95df-4d73-ae61-df3307d14f9c,486706
896abed4-5b18-49f5-b1fd-6f679c044a87,489033
de8df88b-9de8-4e0d-bbad-e058e412a9b8,490521
de8df88b-9de8-4e0d-bbad-e058e412a9b8,636942
9543b07a-1958-4fb1-b397-d2d95adbd3e8,484827
283c2c55-dca0-4e66-8066-0e08586b8e27,627846
b5bfd498-0086-4c2c-8901-6e605037465e,490622
5d79c163-42db-4b83-a400-5c4b92f87c1b,490007
fd255bcc-0237-404e-8021-0cc4befb83a9,490713
fd255bcc-0237-404e-8021-0cc4befb83a9,490713
10f4a9a5-4b05-47b1-8c32-0ee8a250f3b9,513366
faa86ca1-a561-450e-8a04-4a1d96a88b0d,484032
60f59ad6-6440-4c70-91c2-53dd58a7dea1,513553
60f59ad6-6440-4c70-91c2-53dd58a7dea1,12851932
c7aedaca-dac0-48fc-ad08-9945e33cbb7b,485712
c7aedaca-dac0-48fc-ad08-9945e33cbb7b,485713
c7aedaca-dac0-48fc-ad08-9945e33cbb7b,485714
d4cd1ac1-b7df-446f-8fbb-3b2a88283ee9,486325
d4cd1ac1-b7df-446f-8fbb-3b2a88283ee9,486326
d4cd1ac1-b7df-446f-8fbb-3b2a88283ee9,486327
b6eb66ea-0436-412f-a3c4-3a3933af8390,3169162
b6eb66ea-0436-412f-a3c4-3a3933af8390,3169174
1497f7fe-776d-4f1f-b891-dbb609a82ef5,490624
c2240ef4-1d81-4e34-8720-7bdd0f559694,515897
15ef4ce5-4dd6-452b-b93b-37c8edffab46,488582
8e6c0188-339e-46b6-8cfb-981e2a20eab7,487084
415cfa14-269f-454a-bcba-b63de71c8864,515896
413482fe-8346-4bb3-96fe-3c039d24e137,1819632
1342e6d1-3312-435a-8874-1484354ef213,485132
27c24034-82fe-42f6-ae20-6e86c3bf2d2b,490605
0e8851b0-ba33-4ca7-a9bb-e230832d409b,509706
c12fdaaf-a7ad-4b88-9489-f6912edf061f,484860
057234ed-5f83-4586-a199-8cea8d7a1e0c,5562482
057234ed-5f83-4586-a199-8cea8d7a1e0c,5562438
bcee72f7-9640-4088-b125-33573d679ef8,488517
6958ab90-871d-4d3e-be35-11a496e2118d,485657
6958ab90-871d-4d3e-be35-11a496e2118d,485658
6958ab90-871d-4d3e-be35-11a496e2118d,485659
61b732dd-9dd7-4bae-ba44-ad8c97750442,542869
fc3e7e0b-ab9f-41fa-9347-560c39bd171a,884744
84b24f96-cf34-476f-8ab4-5e117bf9af16,15185487
9187fabe-8d7b-427f-b7fa-692ce4090dac,513535
e571be69-18ac-41fb-ab74-d00edaadd4e0,485603
e571be69-18ac-41fb-ab74-d00edaadd4e0,485604
e571be69-18ac-41fb-ab74-d00edaadd4e0,485605
3e93f0c4-b325-4a21-ba3e-24062578698e,490626
6f2147ec-7de7-42c7-98c6-9a642b7e42f3,1034329
e65248ad-f61d-4870-9bd1-1e56657f7b5b,884829
db23fdd2-db42-47a0-b857-bfb47448e98d,486623
db23fdd2-db42-47a0-b857-bfb47448e98d,486624
db23fdd2-db42-47a0-b857-bfb47448e98d,486625
d5cffdd4-35fc-4059-9050-7b60329cb7a6,485615
d5cffdd4-35fc-4059-9050-7b60329cb7a6,485616
d5cffdd4-35fc-4059-9050-7b60329cb7a6,485617
7d5112c6-516a-44b4-bcb6-e2e6331ca10f,484771
4832798a-22f8-4b52-8860-d09eca7a6eab,485204
4832798a-22f8-4b52-8860-d09eca7a6eab,485204
dfe41c65-62d1-44db-8419-e6b9ed420e6a,485111
7eeb17e7-df8f-479c-aafb-56de5cf856a0,512626
7eeb17e7-df8f-479c-aafb-56de5cf856a0,512626
e7c66a8e-3d29-41dd-b7aa-65b4c966017b,487458
e7c66a8e-3d29-41dd-b7aa-65b4c966017b,487459
e7c66a8e-3d29-41dd-b7aa-65b4c966017b,487460
e465d3d2-a6ca-4666-bd9a-8648a1b1a25d,8700179
e465d3d2-a6ca-4666-bd9a-8648a1b1a25d,8700180
e465d3d2-a6ca-4666-bd9a-8648a1b1a25d,8700181
07771b3d-f024-4636-8b8d-6400a1525c17,8700199
07771b3d-f024-4636-8b8d-6400a1525c17,8700200
07771b3d-f024-4636-8b8d-6400a1525c17,8700201
c44855b1-970f-4833-9e74-cd91e334f0b6,490710
c44855b1-970f-4833-9e74-cd91e334f0b6,490710
ea06fe3d-fe18-447d-bd8b-5c8cd857316f,490712
ea06fe3d-fe18-447d-bd8b-5c8cd857316f,490712
04ae416e-dc35-4544-ba77-1c434c7afbcf,1222365
d19f261a-68e4-4089-a8af-4e0cd7ade684,485064
d19f261a-68e4-4089-a8af-4e0cd7ade684,485064
d19f261a-68e4-4089-a8af-4e0cd7ade684,485064
3b5d1e48-21f2-4563-9c58-e21996f2df0c,485069
3b5d1e48-21f2-4563-9c58-e21996f2df0c,485069
3b5d1e48-21f2-4563-9c58-e21996f2df0c,485069
280df846-6c14-4bd6-9d6e-17e6aeb48334,884984
f740603f-e493-4a07-a9e7-cc73c854215b,489149
f740603f-e493-4a07-a9e7-cc73c854215b,489151
f740603f-e493-4a07-a9e7-cc73c854215b,489152
d5420a00-a786-4ae2-8443-95686eb428cb,565855
d5420a00-a786-4ae2-8443-95686eb428cb,562014
d92a0b50-3d75-4bcf-96fc-08290a6b6674,3556319
d92a0b50-3d75-4bcf-96fc-08290a6b6674,3556320
6e359c0f-7d5d-4d6a-98e1-a5a0170c6602,672562
07cb304d-b1f1-4ee0-a7ba-c56300339054,490592
07cb304d-b1f1-4ee0-a7ba-c56300339054,490592
07cb304d-b1f1-4ee0-a7ba-c56300339054,490592
68f17b17-2f71-48e6-af9c-8a4f5fe850e0,488616
68f17b17-2f71-48e6-af9c-8a4f5fe850e0,488616
a1a3331a-c01c-4f0d-96b6-aafc9c1d6916,484743
0edd276f-0ffa-4dfe-8e00-0f0f1107693c,517626
13b0f1c3-d5c7-4900-bb2b-1bb2a30c5d8d,1206728
13b0f1c3-d5c7-4900-bb2b-1bb2a30c5d8d,1206729
f5e624fd-f516-49c2-9ea7-b6f14f2a731d,490467
f5e624fd-f516-49c2-9ea7-b6f14f2a731d,490468
1cab886b-833d-4c92-8dcd-7987964b87ce,487803
1cab886b-833d-4c92-8dcd-7987964b87ce,487804
bb081fb0-c189-4097-83a7-5ec2994aed23,489343
bb081fb0-c189-4097-83a7-5ec2994aed23,489343
e411a49c-73bd-47ea-8ebf-c344021b3d70,4265351
e411a49c-73bd-47ea-8ebf-c344021b3d70,4265398
e411a49c-73bd-47ea-8ebf-c344021b3d70,4265445
1da10f06-1878-4537-8646-a5074c0b5743,12983877
7930d085-6b9d-4ed5-9ea4-30b0e9367ffd,484747
24b9d4a7-3e41-48a8-b10a-37af8341388a,484759
091560ba-78a3-4c6c-b0f6-3729d9a26b38,484767
8ac54afc-844a-4fd6-bf75-9b9c38ca6cff,486330
8ac54afc-844a-4fd6-bf75-9b9c38ca6cff,486331
8ac54afc-844a-4fd6-bf75-9b9c38ca6cff,486332
0328d60c-8301-466a-8291-0772bc6e1ac6,484719
b825c21c-a06b-4898-956e-65b06479938c,487534
b825c21c-a06b-4898-956e-65b06479938c,487535
26aaf4dd-e58b-4417-8dfa-8c523d628be6,1190385
5de3bbad-c3b8-4c77-aa4e-ec49154b374a,490628
766d1c52-bd9e-433d-8ad2-568178b0db70,483774
a1278406-7c7a-498d-bdbd-cb0761cd4892,484867
7700981c-8639-4a6b-ac12-8f4577aac4ff,486215
7700981c-8639-4a6b-ac12-8f4577aac4ff,486216
7700981c-8639-4a6b-ac12-8f4577aac4ff,486217
28dd0db2-a9c8-40d4-8a08-b7665a4dc6c2,484068
5600b344-6f44-4071-8d2b-0651f4ed50b8,850182
17401e60-5c73-4175-b0a6-f09f12f064db,514136
ef497163-f2ff-453b-8f87-e69a4292828b,490602
3d16f25d-dc1b-4469-9c95-93a460a2b89f,1205762
3d16f25d-dc1b-4469-9c95-93a460a2b89f,639106
3d16f25d-dc1b-4469-9c95-93a460a2b89f,647919
3799423d-b9c8-46fc-9e05-1abc29fed4db,487694
3799423d-b9c8-46fc-9e05-1abc29fed4db,487695
3799423d-b9c8-46fc-9e05-1abc29fed4db,487696
b06787cf-2b7a-47e6-a1d1-bff70f8efeff,485621
b06787cf-2b7a-47e6-a1d1-bff70f8efeff,485622
b06787cf-2b7a-47e6-a1d1-bff70f8efeff,485623
85a9e36f-0554-456a-b051-dccb8bc6dfdd,490599
85a9e36f-0554-456a-b051-dccb8bc6dfdd,490599
3cd8de39-8228-45ce-9602-4c1ae855c3a7,515898
9d904964-b9e6-4e52-acee-7afbe70a9ec3,485096
44e65fa0-1676-4d10-8b8b-fa8ddea43f96,508843
73fb0818-f002-46f0-a084-07795581304c,8700174
73fb0818-f002-46f0-a084-07795581304c,8700175
73fb0818-f002-46f0-a084-07795581304c,8700176
2baa4433-e80d-426e-b5ca-a724403af683,486943
2baa4433-e80d-426e-b5ca-a724403af683,486944
2baa4433-e80d-426e-b5ca-a724403af683,486945
12e901af-b204-4619-b85e-f9f977a9b9f6,485251
12e901af-b204-4619-b85e-f9f977a9b9f6,485251
12e901af-b204-4619-b85e-f9f977a9b9f6,485252
30eb8be4-fe8c-4cce-bb54-51d96a1590b0,884493
2208a135-235f-40da-8b17-45cda7e5d0d4,3770136
2208a135-235f-40da-8b17-45cda7e5d0d4,3770137
259855bb-e812-4400-a6d6-f19bcf1e05d1,489092
a7707004-f1b0-43b5-a90c-199e16cf3bad,487345
d01ee6b8-6da6-4859-a24d-fa966846777d,817577
177e6b30-8a3a-4e7e-a903-8f84acc29bf0,485246
177e6b30-8a3a-4e7e-a903-8f84acc29bf0,485247
177e6b30-8a3a-4e7e-a903-8f84acc29bf0,485248
a6fe8727-a0e6-48cc-a257-a4ada42199a8,490606
08320617-cca0-4f84-a580-15a157ccc316,3787385
44cf52be-96df-49d2-a9d9-a26ef46978d5,699454
218ecc71-18b0-4322-bb49-9ccb63f38dfd,485562
218ecc71-18b0-4322-bb49-9ccb63f38dfd,485563
218ecc71-18b0-4322-bb49-9ccb63f38dfd,485564
4f8c1c6f-c0e0-41dc-9179-c1ddb316e83e,884384
4f8c1c6f-c0e0-41dc-9179-c1ddb316e83e,729491
ed9472da-9aa2-4d66-afe3-db8ff659b0c7,700059
ed9472da-9aa2-4d66-afe3-db8ff659b0c7,700060
ed9472da-9aa2-4d66-afe3-db8ff659b0c7,700061
6fef1229-64e2-4549-90ab-7b13ea02e10b,2576912
17ef0673-a43b-4099-833a-c6932d681959,3653582
9e648e15-92bb-40cc-a0c4-e8fca6faadff,515899
f95d7a19-ec32-487b-872c-382993f02eb9,3456319
f6698142-47a7-49e8-9f3c-7166904e4f3d,486773
7b6fb0c0-643a-436f-b712-cc5ee4ad2b8a,12983858
8d2725c3-573c-4818-a924-4fbbaa575d53,490070
06a75d77-bb5f-4099-9bab-e708c020d300,3653578
9081143f-3331-4d34-8d76-61811507cc71,483790
5ecdfa60-43a2-496e-bc4e-720716722708,4265356
5ecdfa60-43a2-496e-bc4e-720716722708,4265403
38226e76-42d0-4011-bb5a-1fdce75bd581,4265216
9ba9513c-137a-44d3-9848-cb68de5d66ce,3912336
4b39964a-ceb1-4b7d-bbf5-4b171495a2fc,1051732
4b39964a-ceb1-4b7d-bbf5-4b171495a2fc,12246401
d611c3d1-8dbb-4b85-9e2a-70ba9f34550d,517989
367a918a-b6c3-4c0a-a4a9-95e269e72f97,485091
367a918a-b6c3-4c0a-a4a9-95e269e72f97,485091
f5d995a6-5959-463b-8571-1c453e8aaef4,490887
74b99700-190f-4604-9790-6fc28ab478c0,6886251
74b99700-190f-4604-9790-6fc28ab478c0,2177940
74b99700-190f-4604-9790-6fc28ab478c0,2064351
d5808360-30ad-497d-9972-ed11b9fc1186,486499
d5808360-30ad-497d-9972-ed11b9fc1186,486500
077cead9-23ad-4026-a9a8-98955982c9da,483782
7b680ba4-0d6b-4bae-a141-dddf9b2be2bf,879899
e9a378af-c297-4c03-a51f-204f6c39ecf8,7990026
e865e5d2-b621-4c0d-9bf3-274e831a2c2e,487103
e865e5d2-b621-4c0d-9bf3-274e831a2c2e,487104
e865e5d2-b621-4c0d-9bf3-274e831a2c2e,487105
49c8dc4c-8895-42a9-9d90-66a150b66dc5,489895
d892a206-d066-4193-9b19-9f040a0009b7,762587
d6913139-eb8e-4011-92a9-c3b820591583,513938
d6913139-eb8e-4011-92a9-c3b820591583,513938
d6913139-eb8e-4011-92a9-c3b820591583,513938
c868ec55-4528-49e0-99c3-d31c6552a2c6,4265272
c868ec55-4528-49e0-99c3-d31c6552a2c6,4265319
c868ec55-4528-49e0-99c3-d31c6552a2c6,4265366
5a5f84e9-1085-45e2-8bce-4c3c3644a2f9,1016455
5a5f84e9-1085-45e2-8bce-4c3c3644a2f9,1016456
2d62fd40-a53a-436e-9dde-de25a9c5a88a,487423
2d62fd40-a53a-436e-9dde-de25a9c5a88a,487424
2d62fd40-a53a-436e-9dde-de25a9c5a88a,487425
dc12ea85-2be7-4b75-b2ab-4db1fec10907,513655
1aa792a3-9ad5-4cbe-8a68-69ef631704fa,1091764
ffba9535-08a5-4099-8763-167ef7b25a7e,509943
c55d52c9-04eb-47c3-a945-d4ac99042f4e,487193
c55d52c9-04eb-47c3-a945-d4ac99042f4e,487194
c55d52c9-04eb-47c3-a945-d4ac99042f4e,487195
aa2b80ee-eb35-4e1a-9bfc-3afb90d0b012,485597
aa2b80ee-eb35-4e1a-9bfc-3afb90d0b012,485598
aa2b80ee-eb35-4e1a-9bfc-3afb90d0b012,485599
85fa7098-487a-48cb-957e-4b323f1b637d,935983
aac3938f-2de1-4f73-945b-ad9dca027473,484727
92b0e80d-9e76-44fd-9ddc-6d09c4d7d258,484956
a1ca3f69-3350-48f6-8fbe-a3586af73854,2013269
692bcb92-31d6-401a-bd7d-f1d524b23464,486060
692bcb92-31d6-401a-bd7d-f1d524b23464,486061
692bcb92-31d6-401a-bd7d-f1d524b23464,486062
30cafb30-ffdb-4ae2-91c3-b9d9876f2ec2,1784970
fbeeb4c0-1e58-46ef-bdcc-25db333350f7,513364
068817e0-392b-4a9c-b6f9-051c05f2666c,485556
068817e0-392b-4a9c-b6f9-051c05f2666c,485557
068817e0-392b-4a9c-b6f9-051c05f2666c,485558
b9b7e6f1-6d99-4630-9d65-0d5b2a1e7db7,485893
b9b7e6f1-6d99-4630-9d65-0d5b2a1e7db7,485894
dbaa3299-15b4-40c0-b13f-df5db1cda9cd,486693
cfbc6707-fff5-4056-b668-d57e416aef1e,489018
aa5d3d21-f191-49f9-bf54-2c9fa292e80d,490058
3d79707e-8248-40c3-b2c6-468ee560e909,512405
3d79707e-8248-40c3-b2c6-468ee560e909,512406
3d79707e-8248-40c3-b2c6-468ee560e909,490286
dc6724b7-839f-433f-a11e-7b913355d141,887976
27fbff04-8342-4ca4-93d1-9db57ff241c9,1372587
a32c0771-b53f-44a3-8edb-76ce0d77b640,490807
40666288-9c1b-4abf-9c57-0004c80f7ec3,2008677
821f52ef-bec0-49b4-b9a9-75c0f3f0d508,509468
821f52ef-bec0-49b4-b9a9-75c0f3f0d508,509469
309dff34-4b01-4ab1-bce8-bc22a25b37db,1079342
309dff34-4b01-4ab1-bce8-bc22a25b37db,1079343
2771c449-e2af-4c96-a7aa-3ea9a26bbea2,939556
7dc06d84-b04c-4304-9f34-61b8047eddc4,484807
0ffd3ac8-3b68-4ea7-bbbf-d1d5d61fe280,485075
413fd4f2-3388-43b7-8976-cc48dbd6423e,513937
413fd4f2-3388-43b7-8976-cc48dbd6423e,513937
413fd4f2-3388-43b7-8976-cc48dbd6423e,513937
b4ae8567-e279-4e01-bc88-d89d5f14626a,1810941
b63afff4-5d7d-4578-a213-2c7bc6c1f566,1427702
b63afff4-5d7d-4578-a213-2c7bc6c1f566,1427705
b63afff4-5d7d-4578-a213-2c7bc6c1f566,1427706
77f17fb2-8dd3-4b63-86ad-8ebfb2109bdd,644417
fbfe2922-98a3-4eab-9fd9-e4156ee643b0,517813
83d94b82-4b30-4fad-8cb9-d52fa595744a,939558
660095ab-270f-4d83-bcef-f8f79389e67b,514190
62c27392-a1a3-40d2-a317-2209364871e4,490879
dce8402b-0c6f-425d-964a-dbd363e3c5c3,483770
b121b1a1-c767-4b82-a8cd-4931ecd1ff01,886704
bb3732d4-1386-4165-9764-fcc972a572e5,1012524
42997f80-812e-423c-9ed4-e600dfdbb818,490178
40235410-ac07-4419-b641-ca32a2f8fdd2,489900
f975520d-9f16-47cb-93a5-27c20b471d9c,517991
295313a8-2e14-44f3-a071-07bec23515c5,484728
d83a7445-641f-4c88-bf9e-60eb15551bf3,490600
523e19fa-b9d3-4196-a90c-ce1b28b2820c,487889
523e19fa-b9d3-4196-a90c-ce1b28b2820c,487890
523e19fa-b9d3-4196-a90c-ce1b28b2820c,487891
065f2fb6-7bfc-404f-8254-9f9899f15ad6,14766510
065f2fb6-7bfc-404f-8254-9f9899f15ad6,14766511
36b75d67-defd-4b5e-a3df-218a67d52d21,514551
36b75d67-defd-4b5e-a3df-218a67d52d21,514551
f2c48fb0-229c-462b-9f3c-c0d01caf5e1d,2013245
b5650b61-4b40-4f63-9064-d62e9aa66e0a,1089903
d85ead2b-0c07-4b0a-a71f-4a0b8233d229,7431745
9b6f1f21-804d-41ee-8427-c8264136eb43,2100085
18e1cf7f-d62d-4eb2-aa8a-986f0e6552e2,1999674
1c6da598-12db-430d-b9c3-6b64c7221d78,490065
1c6da598-12db-430d-b9c3-6b64c7221d78,490065
1c6da598-12db-430d-b9c3-6b64c7221d78,490066
1c6da598-12db-430d-b9c3-6b64c7221d78,490066
1c6da598-12db-430d-b9c3-6b64c7221d78,490067
1c6da598-12db-430d-b9c3-6b64c7221d78,490063
7ccc08fc-290e-404c-929c-0a3749116917,516208
e7d33bc5-2eb2-4663-839a-8909742dde40,513365
108f3355-047d-41f2-96b7-5b91823c5db0,490891
108f3355-047d-41f2-96b7-5b91823c5db0,490891
bf509c36-362b-452d-887e-24f0c22e504b,490607
9f8302e2-0344-4274-81ca-a1bc33823a56,486050
9f8302e2-0344-4274-81ca-a1bc33823a56,486051
b7dd5e5d-eebd-4c52-8728-286aaa861c94,8700264
b7dd5e5d-eebd-4c52-8728-286aaa861c94,8700265
b7dd5e5d-eebd-4c52-8728-286aaa861c94,8700266
ae83c765-8f00-4eb6-9996-c311b0d62144,488615
5215a506-655b-44b4-872c-94917a09e573,1090142
1ab01d4f-74a0-4154-9193-ece4e9db555a,484962
a41c28f8-1088-4510-858c-37fb13e8012d,3309158
a41c28f8-1088-4510-858c-37fb13e8012d,3309159
a41c28f8-1088-4510-858c-37fb13e8012d,3309160
4508b65a-faa1-4a7b-957a-e1c42d1a937f,7431760
4508b65a-faa1-4a7b-957a-e1c42d1a937f,7431761
da0db6cc-b243-40f8-bfd7-a3443d95b0fc,8700159
da0db6cc-b243-40f8-bfd7-a3443d95b0fc,8700160
da0db6cc-b243-40f8-bfd7-a3443d95b0fc,8700161
b34b35b0-2ad5-4824-aa4f-dd907edb76d4,489899
aa022eef-f6cd-47eb-a201-0f38e47136af,485827
aa022eef-f6cd-47eb-a201-0f38e47136af,485828
c5de60f2-0625-423b-81c6-ca5abf7b9295,487303
c5de60f2-0625-423b-81c6-ca5abf7b9295,487304
c5de60f2-0625-423b-81c6-ca5abf7b9295,487305
c5de60f2-0625-423b-81c6-ca5abf7b9295,487306
8b105e13-dddc-4552-a304-bf12b4163cf7,8699801
8b105e13-dddc-4552-a304-bf12b4163cf7,8699867
8b1a197e-4ae7-445c-88af-d39836031493,627848
159bc5e5-e834-4e23-84d3-7505b58177a8,8700184
159bc5e5-e834-4e23-84d3-7505b58177a8,8700185
159bc5e5-e834-4e23-84d3-7505b58177a8,8700186
ed68bbd3-8723-41eb-86f6-4116fed66e09,484255
ed68bbd3-8723-41eb-86f6-4116fed66e09,484256
ed68bbd3-8723-41eb-86f6-4116fed66e09,484257
47ac6dce-9eb1-45e4-b4fd-d1f699ea694c,886674
edaf9c72-55d9-4013-8dce-06773ccc1105,940996
e9d56635-b43e-47f2-9a7f-a13335aa2454,485474
928a5721-53b7-42c8-8289-e4114ab821fb,1090749
0a7db376-3513-45ad-8f4e-3f382fe8f0eb,490173
1533e346-27cc-4d38-9391-4ef67edb77f1,8699121
1533e346-27cc-4d38-9391-4ef67edb77f1,8699122
1533e346-27cc-4d38-9391-4ef67edb77f1,8699123
cee39a50-5523-49f5-9fac-91ae146446a1,517934
cee39a50-5523-49f5-9fac-91ae146446a1,517934
d7a9d1d4-feb6-4774-b4c6-6620de462aa4,627850
a975b199-807c-46a4-92e4-99e844ea5e1c,1198724
0e34ec47-26d3-471f-a8f1-4259e00bddd6,1012357
dacfaf30-8364-4942-9bee-aa86f000dd8a,485467
fcb9d70c-f2c5-4ca0-9eff-0759f19d93c3,490528
ea19e485-3536-4082-9b03-0053e90d76e3,489897
adebc370-4123-4bf4-b2b3-6563b2d33781,485388
dd1843b3-5ad6-45d2-9c81-156c32f00951,1574207
4db06eaa-03a3-4aec-82e8-dad71e76a013,1912208
c51e36f4-13ed-4435-a1b8-e4064139ca42,490703
c51e36f4-13ed-4435-a1b8-e4064139ca42,490703
9b3b3b44-682c-4e97-90bf-6d2214acbba4,884226
66c13987-4915-48e2-8ab0-ca735d65c387,487878
66c13987-4915-48e2-8ab0-ca735d65c387,487879
be7c01bb-003d-4929-b827-2b18360d7d71,762586
906cca00-794d-4067-aeef-189eaedefe31,942304
26a4abc6-e9fb-4123-947e-f7ba8d3a30f8,485478
7a807e5f-c371-4970-ba7c-0382161d9a1e,1006583
aa530c1d-1d16-474e-adb8-9aaf51c9b64d,486270
aa530c1d-1d16-474e-adb8-9aaf51c9b64d,486271
839e0ad0-594b-4c02-86a4-6a39c7cc767e,487793
839e0ad0-594b-4c02-86a4-6a39c7cc767e,487794
06a0c228-238e-4fc1-9207-46172bf47e8f,1055143
4f96e615-17b3-4d1e-b8ba-1951d585fd2d,490291
61b349b4-8178-4323-8484-e83b6cc866ab,1007500
774642a7-40d3-48c6-80f8-c356e766d298,486180
774642a7-40d3-48c6-80f8-c356e766d298,486181
d9443062-f397-4401-8224-8ace29c8ff43,3658111
d9443062-f397-4401-8224-8ace29c8ff43,3658112
d9443062-f397-4401-8224-8ace29c8ff43,3658113
d61e9ba0-f0fb-4e89-9430-0700984ce20c,487098
d61e9ba0-f0fb-4e89-9430-0700984ce20c,487099
d61e9ba0-f0fb-4e89-9430-0700984ce20c,487100
d61e9ba0-f0fb-4e89-9430-0700984ce20c,487101
c4dd3be9-14d5-4083-8913-93583acedc39,485120
74280485-a9b3-4b10-b5a7-a9b6a4d65a11,627849
ed3e737d-0cb6-4ace-8dd5-49df50f7941a,486310
8b46cd80-c47d-4788-826c-3c5295a61e62,490174
ecffb69e-1861-4d48-85ee-eb7bbaee5733,514034
47b4fa4a-bd92-49f1-882b-991b1fb7e741,489881
6472aed1-0759-4593-a049-8a9c3c4b690a,639533
4a468a7b-8b6b-4a65-b2c4-a8f22ce15b52,485466
46785a21-fd19-4128-8eff-854b62f1dcd0,3849099
ac7dc5a8-e6bf-4940-85e2-81eeaeeb7722,513360
d7ffbf14-996d-4fbe-b265-7cd0b2e7774b,488623
d7ffbf14-996d-4fbe-b265-7cd0b2e7774b,488624
cca7bf2f-1471-42a4-bd4d-fec92b81954c,489898
a70a033e-a2fb-4ce7-bc43-09bd3c3c049b,514051
c026fc29-8550-43ae-a52d-0f666c83da81,487354
c026fc29-8550-43ae-a52d-0f666c83da81,487355
7fcab7e5-13c8-4f7b-9961-ae5913531a7f,486754
13fccc5e-8ef9-4b8d-9b83-6626ce3363d8,515858
13fccc5e-8ef9-4b8d-9b83-6626ce3363d8,515858
037fd3d1-e44d-4734-bba6-f359f6abe407,486563
037fd3d1-e44d-4734-bba6-f359f6abe407,486564
037fd3d1-e44d-4734-bba6-f359f6abe407,486565
a8aeeeb0-cbf9-43f8-823d-0f4e86c5f9b4,513367
0ca388df-72aa-409c-b9b8-2020f78900e3,485475
e7b1c782-e34d-4e0b-b553-30164147b48c,3297914
b68ab45a-5d1d-40a0-b869-c6f9b272162f,569150
5613a486-497f-4575-90a6-6c97816975ed,491454
e71a182f-23a8-4472-88e9-2143c64f9f71,488567
3c4abceb-fca2-4d69-aee9-43d3beb29265,542915
2423893a-b468-4b6d-9d62-ea0d4e065064,487383
2423893a-b468-4b6d-9d62-ea0d4e065064,487384
2423893a-b468-4b6d-9d62-ea0d4e065064,487385
4b02cba0-6b6c-4bf6-935d-02048f6a2eb9,1016093
4b02cba0-6b6c-4bf6-935d-02048f6a2eb9,1016094
ae4a35f3-ca8f-4032-9f46-5ba7bf2acf0f,1203980
adc43e02-f15d-4d84-8fad-c96cb0f27cf9,15185479
adc43e02-f15d-4d84-8fad-c96cb0f27cf9,15185480
adc43e02-f15d-4d84-8fad-c96cb0f27cf9,15185481
d461d345-8bb6-4224-a677-03fd9f9c14df,939557
2c6f8943-46db-4cac-b03c-538975fbafa4,485937
2c6f8943-46db-4cac-b03c-538975fbafa4,485938
2c6f8943-46db-4cac-b03c-538975fbafa4,485939
26535ac9-31a0-4816-b127-14d69ec37021,485993
26535ac9-31a0-4816-b127-14d69ec37021,485994
d1c33425-3880-40eb-bc44-f348e45f60e5,5653512
d1c33425-3880-40eb-bc44-f348e45f60e5,5653513
d1c33425-3880-40eb-bc44-f348e45f60e5,5653514
24660572-37e3-4912-a89d-49a255062533,2013242
3dd3c193-36c2-4e98-9f41-89d958d767be,513025
d63058c9-f704-4146-adad-39630ab23c0e,485236
d63058c9-f704-4146-adad-39630ab23c0e,485237
d63058c9-f704-4146-adad-39630ab23c0e,485238
6fe35942-d9ff-48b1-8f73-cce91357267f,4265379
18d29e18-f414-4ccf-8b88-d2365ab9aa51,1818975
4e2c51cc-5e79-4042-b41c-08a5892bf501,8247058
24a74264-b04e-41d9-8e33-55adfd80271a,485544
24a74264-b04e-41d9-8e33-55adfd80271a,485545
24a74264-b04e-41d9-8e33-55adfd80271a,485546
13f2ed87-6490-4e37-a78b-69915376e91d,1540957
4dc42fc8-8da5-4378-90dc-1974eb2d059d,4265217
4dc42fc8-8da5-4378-90dc-1974eb2d059d,4265233
079d34fe-5b0b-4465-a43a-989e6e2a3ce7,2008684
e2f7e702-dd3c-4d59-a090-0c69d0cd28cb,579795
e42fa7cd-cc27-4fff-95ed-28fd7715ecf1,884812
8018552c-3f27-49ac-abac-6cf4f9ed3926,700751
8018552c-3f27-49ac-abac-6cf4f9ed3926,700752
8018552c-3f27-49ac-abac-6cf4f9ed3926,700753
b1e601a3-5511-4f38-8cd0-bedde5ded98b,632859
9c59da91-24f4-492e-baac-7640003c3e1b,485477
46d81800-35da-4d42-b6c8-2150ba9beecf,2061246
a791e794-bce1-4e19-82bb-8233a9f1dacb,6841535
a791e794-bce1-4e19-82bb-8233a9f1dacb,6841536
1294f5f7-8527-4b8f-bfcc-6f4f10388b9c,3653592
1294f5f7-8527-4b8f-bfcc-6f4f10388b9c,3653593
d9be7441-5d75-42fe-ae50-3a2cf191bb3f,4931280
44a097e5-06f8-4e18-ae0e-d15e51e39ce1,938922
12a5d6ab-de33-4820-898c-f4087830082f,487373
12a5d6ab-de33-4820-898c-f4087830082f,487373
12a5d6ab-de33-4820-898c-f4087830082f,487374
12a5d6ab-de33-4820-898c-f4087830082f,487375
12a5d6ab-de33-4820-898c-f4087830082f,487376
532fbb44-0cf2-47ff-aac7-788e100a9fff,514357
5233d093-4636-409e-bb20-d383b9d3ba20,515986
5233d093-4636-409e-bb20-d383b9d3ba20,515986
5233d093-4636-409e-bb20-d383b9d3ba20,515986
518c0a60-4701-478b-89b8-a483e766ca28,1195880
23e03356-ca36-410e-b955-42c92c8d2ba0,513127
23e03356-ca36-410e-b955-42c92c8d2ba0,519858
1c4adbb0-822f-41c6-809b-6ba67bfc1760,884566
1c4adbb0-822f-41c6-809b-6ba67bfc1760,672171
c01e0858-3540-4b6f-9e0c-a813c97c6cc3,8699269
c01e0858-3540-4b6f-9e0c-a813c97c6cc3,8699270
c01e0858-3540-4b6f-9e0c-a813c97c6cc3,8699271
44560f6d-c593-4883-8519-c89377e85582,488719
52421a28-6353-4f5b-a3e8-42c714a3047f,1278421
31052087-5e26-4a35-a1ad-fbdfacf7b674,4265227
31052087-5e26-4a35-a1ad-fbdfacf7b674,4265243
7a2fb466-e36a-4932-86c8-cb5c8fbc8583,4293166
dcf8e9c0-3b19-43d8-8241-c7a8f06c1a9c,8699089
00bf6a7a-367a-41b5-81e0-644a4ffd4c98,491529
00bf6a7a-367a-41b5-81e0-644a4ffd4c98,491529
99e7fba8-ec92-48fc-a845-fd2aed2d69b8,1195596
99e7fba8-ec92-48fc-a845-fd2aed2d69b8,1195596
99e7fba8-ec92-48fc-a845-fd2aed2d69b8,1195598
474c588e-10bd-431c-8e11-c618b14e5001,7431797
474c588e-10bd-431c-8e11-c618b14e5001,7431798
474c588e-10bd-431c-8e11-c618b14e5001,7431799
f97a1c7a-2aca-4774-a4c5-13e31060f199,3240253
6c170a25-e489-4d2e-85ae-2d8eb071d76c,6697869
040ffa1d-cb2e-4e4f-913b-a49dee8e32df,8699057
040ffa1d-cb2e-4e4f-913b-a49dee8e32df,8699059
abc65461-0901-44ac-bb67-15c814a06de8,514217
df575412-0607-4cba-986b-13f851f38383,485050
8ade6171-ee2e-4f05-99a6-eb41b364051a,485468
0071b7b4-0147-4960-bdb0-ac337f5171e1,487770
0071b7b4-0147-4960-bdb0-ac337f5171e1,487771
f0abf00d-c44a-4649-ac0c-cfd7372b1212,6841502
f0abf00d-c44a-4649-ac0c-cfd7372b1212,6841503
e949f8f7-7bed-4337-84e6-e4a42951b4dc,4618493
cd16274b-78e1-4f3c-a370-75745b6d7fc0,485511
f1c2272a-cd3b-40b1-a5e3-8f8b2f527d94,1756003
84da8eb3-1f14-4a1c-9bd0-d91290318d29,517988
9949798d-7135-45d7-aa02-24af3f47a3e1,1435609
98bf5eef-4deb-4087-b6cd-4a74a66cdada,4726065
d3771197-282b-43a2-b1de-da03a4e24ace,6841506
d3771197-282b-43a2-b1de-da03a4e24ace,6841507
72fb380f-50ce-4d0b-a5a4-1fbafde4c41f,1457842
c4cff4dd-9e1b-4d8d-b213-9f9cd71bc4dd,485538
c4cff4dd-9e1b-4d8d-b213-9f9cd71bc4dd,485539
c4cff4dd-9e1b-4d8d-b213-9f9cd71bc4dd,485540
c4cff4dd-9e1b-4d8d-b213-9f9cd71bc4dd,485541
63bb7d16-22b7-4bda-94f6-436afc5dd77b,6407985
0f6112ef-bf40-4bc4-a053-f6766e388199,490631
306fd629-2147-42aa-949f-4dc0432692c1,490627
4da4c269-fe26-4e25-82fe-aabf274af006,484171
e4027ef5-3aea-4897-b09f-e0cae735a5d2,491467
f36906f3-c41b-43e1-85c5-3f436428b97e,884176
2c37495a-a543-43e3-b594-9fe9306e158e,1829817
2c37495a-a543-43e3-b594-9fe9306e158e,1829818
2c666c83-0d5c-4a44-a673-e264389a19b6,487624
2c666c83-0d5c-4a44-a673-e264389a19b6,487625
d249ac48-0eb3-4c75-91aa-9868ce34760a,6841577
d249ac48-0eb3-4c75-91aa-9868ce34760a,6841579
662d86f9-a874-4d93-9bf0-26021fe24294,484935
93d6a187-1b51-4c57-a8e9-2cb1dbad7456,516164
93d6a187-1b51-4c57-a8e9-2cb1dbad7456,516164
01e72609-7ca9-4bcf-a3ac-7a73372e4e6e,3653567
01e72609-7ca9-4bcf-a3ac-7a73372e4e6e,3653568
ced01f80-2bd2-4e13-a6c2-5f971f160ed7,8700238
ced01f80-2bd2-4e13-a6c2-5f971f160ed7,8700239
ced01f80-2bd2-4e13-a6c2-5f971f160ed7,8700240
f778feaf-4a0b-46bb-b961-b067946bcdb8,486835
f778feaf-4a0b-46bb-b961-b067946bcdb8,486834
f778feaf-4a0b-46bb-b961-b067946bcdb8,486833

























